,pre_conv,pre_conv,post_switch,post_switch,learning_rate,epsilon,perseveration
,mean,std,mean,std,mean,mean,mean
mix,,,,,,,
easily_tired,21.25,5.599744892148467,40.375,19.249768087656832,0.2,0.1,0.3
impulsive_mix,31.25,15.517271483276765,55.125,28.542887530371356,0.7,0.3,0.4
mostly_cautious,32.125,3.943801646707326,58.0,34.698703145794944,0.2,0.1,0.3
mostly_risky,26.625,13.146835577974105,46.0,27.055498516937366,0.8,0.1,0.7
