,pre_conv,pre_conv,post_switch,post_switch,learning_rate,epsilon,perseveration
,mean,std,mean,std,mean,mean,mean
mix,,,,,,,
easily_tired,21.25,5.599744892148467,40.375,19.249768087656832,0.2,0.1,0.3
impulsive_mix,32.125,10.287822204640092,54.5,38.6338119860237,0.6,0.3,0.4
mostly_cautious,32.125,3.943801646707326,58.0,34.698703145794944,0.2,0.1,0.3
mostly_risky,37.5,17.079645362661537,54.375,29.188733149233162,0.9,0.1,0.2
